{
  "BV1tz4y1x7aj": [
    0.2875,
    0.0958,
    0.0958,
    0.5208
  ],
  "BV1u94y1L74z": [
    0.179,
    0.046,
    0.121,
    0.654
  ],
  "BV1ux4y1Y7rG": [
    0.25,
    0.75
  ],
  "BV1vZ421u7W4": [
    0.0875,
    0.5542,
    0.2042,
    0.1541
  ],
  "BV1wV411A7Yv": [
    0.233,
    0.233,
    0.534
  ],
  "BV1wc411R7pe": [
    0.2,
    0.3,
    0.5
  ],
  "BV1xPTKz8Eph": [
    0.1125,
    0.3042,
    0.1125,
    0.4708
  ],
  "BV1xh4y1D72g": [
    0.65,
    0.35
  ],
  "BV1Ch411P77o": [
    0.12,
    0.28,
    0.02,
    0.18,
    0.35,
    0.02,
    0.03
  ],
  "BV1Ci42167bZ": [
    0.342,
    0.567,
    0.091
  ],
  "BV1D841197JD": [
    0.725,
    0.05,
    0.225
  ],
  "BV1Dh4y1Y7T7": [
    0.8,
    0.2
  ],
  "BV1Du4y1D74S": [
    0.1667,
    0.1667,
    0.6667
  ],
  "BV1Ek4y1v7AC": [
    0.75,
    0.117,
    0.067,
    0.067
  ],
  "BV1Em4y137pm": [
    0.45,
    0.15,
    0.4
  ],
  "BV1Eu411t7iK": [
    0.4916,
    0.1916,
    0.3166
  ],
  "BV1Fu411V7p6": [
    0.875,
    0.125
  ],
  "BV1Fu4y1P74Q": [
    0.367,
    0.367,
    0.266
  ],
  "BV1WJj4zGEz7": [
    0.4,
    0.4,
    0.2
  ],
  "BV1WV411F757": [
    0.2,
    0.175,
    0.625
  ],
  "BV1XH4y1675M": [
    0.0,
    0.2,
    0.4
  ],
  "BV1Xu411A7t4": [
    0.096,
    0.146,
    0.054,
    0.704
  ],
  "BV1Ya4y1o7sL": [
    0.558,
    0.384,
    0.058
  ],
  "BV1Yz42187d1": [
    0.15,
    0.35,
    0.5
  ],
  "BV1Zm4y127dv": [
    0.333,
    0.483,
    0.183
  ],
  "BV1ZwPYesE3h": [
    0.05416666666666667,
    0.29583333333333334,
    0.5625,
    0.0875
  ],
  "BV1aREpzSEG7": [
    0.35,
    0.65
  ],
  "BV1ac411b7sx": [
    0.2,
    0.2,
    0.6
  ],
  "BV1M1421C7Nc": [
    0.4,
    0.6
  ],
  "BV1MND6Y8EY5": [
    0.225,
    0.15,
    0.625
  ],
  "BV1Mk4y1a7AU": [
    0.271,
    0.379,
    0.046,
    0.304
  ],
  "BV1Mo4y1F7V4": [
    0.183,
    0.508,
    0.308
  ],
  "BV1Mo4y1L7Hm": [
    0.1,
    0.1,
    0.8
  ],
  "BV1NH4y1R7Z8": [
    0.083,
    0.2,
    0.183,
    0.534
  ],
  "BV1NX4y1B7aB": [
    0.1833,
    0.1083,
    0.7084
  ],
  "BV1Ny411e73K": [
    0.175,
    0.396,
    0.312,
    0.117
  ],
  "BV1S94y1J7tq": [
    0.181,
    0.089,
    0.042,
    0.081,
    0.607
  ],
  "BV16UyLYhEpS": [
    0.10417,
    0.52083,
    0.17083,
    0.0,
    0.20417
  ],
  "BV17a4y1Q71E": [
    0.275,
    0.725
  ],
  "BV17z4y1F7Dk": [
    0.2708,
    0.2708,
    0.1875,
    0.0,
    0.2708
  ],
  "BV18N411K7Xo": [
    0.6333,
    0.0583,
    0.3083
  ],
  "BV18Q4y137Qv": [
    0.117,
    0.417,
    0.066
  ],
  "BV18k4y1a7Uq": [
    0.05,
    0.875,
    0.025,
    0.025,
    0.025
  ],
  "BV18x4y147Pa": [
    0.1609,
    0.3733,
    0.2608,
    0.1108,
    0.0942
  ],
  "BV19V411D7jC": [
    0.067,
    0.167,
    0.767
  ],
  "BV19e411v7uQ": [
    0.112,
    0.1,
    0.1,
    0.243,
    0.202,
    0.243
  ],
  "BV1hF411D7Mx": [
    0.2333,
    0.1333,
    0.6333
  ],
  "BV1hN411s7U2": [
    0.3,
    0.3,
    0.4
  ],
  "BV1hQ4y1w7C4": [
    0.4125,
    0.2208,
    0.1708,
    0.1958
  ],
  "BV1ht42157rg": [
    0.208,
    0.15,
    0.384,
    0.258
  ],
  "BV1ir4y1R7LZ": [
    1.0
  ],
  "BV1k34y137CY": [
    1.0
  ],
  "BV1nyM7zREKs": [
    0.425,
    0.425,
    0.15
  ],
  "BV1o44y1w7Ks": [
    0.617,
    0.116,
    0.267
  ],
  "BV1Hh4y1q7gE": [
    0.1417,
    0.5917,
    0.2667
  ],
  "BV1Hw4m117uF": [
    0.2222,
    0.0,
    0.5972,
    0.1806
  ],
  "BV1JW4y1w7Pm": [
    0.15,
    0.44,
    0.225,
    0.185
  ],
  "BV1KW4y1D7ty": [
    0.725,
    0.275
  ],
  "BV1Kg4y1U7ax": [
    0.083,
    0.208,
    0.625,
    0.042,
    0.042
  ],
  "BV1Km421377r": [
    0.1167,
    0.5916,
    0.2917
  ],
  "BV1Kr421x78q": [
    0.1292,
    0.0708,
    0.3792,
    0.4208
  ],
  "BV1Lr421M7jm": [
    0.115,
    0.269,
    0.169,
    0.211,
    0.236
  ],
  "BV1au411s7r6": [
    0.5833,
    0.2083,
    0.2083
  ],
  "BV1au4y1K7vP": [
    0.1667,
    0.0,
    0.8333,
    0.0
  ],
  "BV1b34y137iG": [
    0.6,
    0.4
  ],
  "BV1bJ4m1g7JA": [
    0.092,
    0.217,
    0.691
  ],
  "BV1cN4y1Q79Y": [
    0.175,
    0.1,
    0.725
  ],
  "BV1cc411F7nq": [
    0.875,
    0.125
  ],
  "BV1ch4y1w7q7": [
    0.192,
    0.567,
    0.242
  ],
  "BV1cm4y1U7oi": [
    0.283,
    0.333,
    0.384
  ],
  "BV1dG411o75U": [
    0.1875,
    0.1875,
    0.025,
    0.0542,
    0.5458
  ],
  "BV1dP411k7PS": [
    0.2592,
    0.1008,
    0.28,
    0.28,
    0.08
  ],
  "BV11M4y117fh": [
    0.618,
    0.118,
    0.243,
    0.01,
    0.011
  ],
  "BV11u41137L8": [
    0.775,
    0.075,
    0.075,
    0.075
  ],
  "BV12u4y137eE": [
    0.075,
    0.15,
    0.375
  ],
  "BV12y4y1w7eP": [
    0.1,
    0.45,
    0.45
  ],
  "BV13r4y197TT": [
    0.1,
    0.7
  ],
  "BV14K411b7fF": [
    0.221,
    0.204,
    0.354,
    0.221
  ],
  "BV14N4y14717": [
    0.467,
    0.392,
    0.141
  ],
  "BV15X4y1r7VM": [
    1.0
  ],
  "BV15v4y1E7ux": [
    0.1375,
    0.4042,
    0.2292,
    0.2292
  ],
  "BV16N4y1h7ps": [
    0.5,
    0.3,
    0.2
  ],
  "BV1SG41197W5": [
    0.585,
    0.415
  ],
  "BV1SH4y1c7xs": [
    1.0
  ],
  "BV1Sz4y1j7mQ": [
    0.365,
    0.057,
    0.143,
    0.435
  ],
  "BV1Ts7tzQEH6": [
    0.475,
    0.075,
    0.175,
    0.117,
    0.158
  ],
  "BV1Ui421e7MQ": [
    0.1,
    0.9
  ],
  "BV1Uk4y1n7Vz_1": [
    0.775,
    0.225
  ],
  "BV1Uk4y1n7Vz_2": [
    1.0
  ],
  "BV1Ut421a7Ai": [
    0.04,
    0.04,
    0.04,
    0.65,
    0.23
  ],
  "BV1Uu4y177W7": [
    0.075,
    0.725,
    0.1,
    0.1
  ],
  "BV1VCNezSEkh": [
    0.067,
    0.716,
    0.217
  ],
  "BV1WA5LzqEne": [
    0.517,
    0.317,
    0.167
  ],
  "BV1A5oeYDEjt": [
    0.35,
    0.3,
    0.35
  ],
  "BV1AK411i7W3": [
    0.1,
    0.9
  ],
  "BV1AK4y1B7Yq": [
    0.05,
    0.7833,
    0.0333,
    0.1333
  ],
  "BV1Aw411q7ja": [
    0.95,
    0.05
  ],
  "BV1Bg4y177zj": [
    0.075,
    0.925
  ],
  "BV1Bj411x7mn": [
    0.483,
    0.033,
    0.483
  ],
  "BV1BroHYCED1": [
    0.225,
    0.275,
    0.425,
    0.075
  ],
  "BV1CF4m1P7EP": [
    0.067,
    0.267,
    0.666
  ],
  "BV1pJ4m1M77E": [
    0.2,
    0.8
  ],
  "BV1pn4y1X7Mi": [
    0.604,
    0.196,
    0.154,
    0.046
  ],
  "BV1q2oHYgEcc": [
    0.058,
    0.142,
    0.658,
    0.142
  ],
  "BV1q2oHYgEwp": [
    0.2167,
    0.7167,
    0.0667
  ],
  "BV1qx421Q7sy": [
    0.2,
    0.6
  ],
  "BV1rM41197d6": [
    0.392,
    0.075,
    0.083,
    0.45
  ],
  "BV1sZ42187C7": [
    0.717,
    0.141,
    0.142
  ],
  "BV1sc41197ie": [
    0.2167,
    0.1667,
    0.6167
  ],
  "BV1sp421R7SF": [
    0.15,
    0.375,
    0.475
  ],
  "BV1tw411S7fb": [
    0.658,
    0.283,
    0.058
  ],
  "BV1y94y147RX": [
    0.167,
    0.167,
    0.667
  ],
  "BV1yv4y1p7kP": [
    0.1917,
    0.0916,
    0.7167
  ],
  "BV1z9s5e8Eoz": [
    0.2,
    0.55,
    0.25
  ],
  "BV1zM411L7wD": [
    0.056,
    0.064,
    0.068,
    0.177,
    0.635
  ],
  "BV1zroHYCEF7": [
    0.2,
    0.8
  ],
  "BV1zroHYCEcH": [
    0.6666666666666667,
    0.3333333333333333
  ],
  "BV1zw411U7TN": [
    0.3333,
    0.5833,
    0.0833
  ],
  "BV1zx421m7R1": [
    0.8,
    0.2
  ],
  "BV1dcd1YNEbn": [
    0.066,
    0.137,
    0.391,
    0.203,
    0.203
  ],
  "BV1dh4y157iW": [
    0.7,
    0.3
  ],
  "BV1eL411U7XK": [
    1.0
  ],
  "BV1ek4y1W7WU": [
    0.0625,
    0.2708,
    0.6459,
    0.0208
  ],
  "BV1em41167Ek": [
    0.117,
    0.567,
    0.317
  ],
  "BV1f7421Z7J1": [
    0.775,
    0.15,
    0.075
  ],
  "BV1fi4y1v7WE": [
    1.0
  ],
  "BV1gN411G76Y": [
    1.0
  ],
  "BV1gT42127BA": [
    0.025,
    0.092,
    0.791,
    0.092
  ],
  "BV1h94y1b7SD": [
    0.233,
    0.075,
    0.4,
    0.292
  ],
  "BV1cD4y187NX": [
    0.16666666666666666,
    0.7666666666666667,
    0.06666666666666667
  ],
  "BV1DU4y1v7bs": [
    0.092,
    0.242,
    0.667
  ],
  "BV1CW4y1B7S8": [
    0.8,
    0.1,
    0.1
  ],
  "BV1uG41157wp": [
    0.875,
    0.125
  ],
  "BV14D4y1B7KZ": [
    0.4,
    0.6
  ],
  "BV1Sd4y1P7wr": [
    0.408,
    0.059,
    0.533
  ],
  "BV1pP4y1o7oK": [
    1.0
  ],